
<RENDERBATCH>

  <RENDERIMG RASNAME="D:\VHDL\CmodS6\Processor\cpu\SDK\SDK_Export\hw\imgs\proc_sys_reset_0.jpg" SVGNAME="D:\VHDL\CmodS6\Processor\cpu\SDK\SDK_Export\hw\imgs\proc_sys_reset_0.svg" TMPSVGFN="D:\VHDL\CmodS6\Processor\cpu\__xps\.dswkshop\proc_sys_reset_0.svg"/>

  <RENDERIMG RASNAME="D:\VHDL\CmodS6\Processor\cpu\SDK\SDK_Export\hw\imgs\microblaze_0_ilmb.jpg" SVGNAME="D:\VHDL\CmodS6\Processor\cpu\SDK\SDK_Export\hw\imgs\microblaze_0_ilmb.svg" TMPSVGFN="D:\VHDL\CmodS6\Processor\cpu\__xps\.dswkshop\microblaze_0_ilmb.svg"/>

  <RENDERIMG RASNAME="D:\VHDL\CmodS6\Processor\cpu\SDK\SDK_Export\hw\imgs\microblaze_0_i_bram_ctrl.jpg" SVGNAME="D:\VHDL\CmodS6\Processor\cpu\SDK\SDK_Export\hw\imgs\microblaze_0_i_bram_ctrl.svg" TMPSVGFN="D:\VHDL\CmodS6\Processor\cpu\__xps\.dswkshop\microblaze_0_i_bram_ctrl.svg"/>

  <RENDERIMG RASNAME="D:\VHDL\CmodS6\Processor\cpu\SDK\SDK_Export\hw\imgs\microblaze_0_dlmb.jpg" SVGNAME="D:\VHDL\CmodS6\Processor\cpu\SDK\SDK_Export\hw\imgs\microblaze_0_dlmb.svg" TMPSVGFN="D:\VHDL\CmodS6\Processor\cpu\__xps\.dswkshop\microblaze_0_dlmb.svg"/>

  <RENDERIMG RASNAME="D:\VHDL\CmodS6\Processor\cpu\SDK\SDK_Export\hw\imgs\microblaze_0_d_bram_ctrl.jpg" SVGNAME="D:\VHDL\CmodS6\Processor\cpu\SDK\SDK_Export\hw\imgs\microblaze_0_d_bram_ctrl.svg" TMPSVGFN="D:\VHDL\CmodS6\Processor\cpu\__xps\.dswkshop\microblaze_0_d_bram_ctrl.svg"/>

  <RENDERIMG RASNAME="D:\VHDL\CmodS6\Processor\cpu\SDK\SDK_Export\hw\imgs\microblaze_0_bram_block.jpg" SVGNAME="D:\VHDL\CmodS6\Processor\cpu\SDK\SDK_Export\hw\imgs\microblaze_0_bram_block.svg" TMPSVGFN="D:\VHDL\CmodS6\Processor\cpu\__xps\.dswkshop\microblaze_0_bram_block.svg"/>

  <RENDERIMG RASNAME="D:\VHDL\CmodS6\Processor\cpu\SDK\SDK_Export\hw\imgs\microblaze_0.jpg" SVGNAME="D:\VHDL\CmodS6\Processor\cpu\SDK\SDK_Export\hw\imgs\microblaze_0.svg" TMPSVGFN="D:\VHDL\CmodS6\Processor\cpu\__xps\.dswkshop\microblaze_0.svg"/>

  <RENDERIMG RASNAME="D:\VHDL\CmodS6\Processor\cpu\SDK\SDK_Export\hw\imgs\debug_module.jpg" SVGNAME="D:\VHDL\CmodS6\Processor\cpu\SDK\SDK_Export\hw\imgs\debug_module.svg" TMPSVGFN="D:\VHDL\CmodS6\Processor\cpu\__xps\.dswkshop\debug_module.svg"/>

  <RENDERIMG RASNAME="D:\VHDL\CmodS6\Processor\cpu\SDK\SDK_Export\hw\imgs\clock_generator_0.jpg" SVGNAME="D:\VHDL\CmodS6\Processor\cpu\SDK\SDK_Export\hw\imgs\clock_generator_0.svg" TMPSVGFN="D:\VHDL\CmodS6\Processor\cpu\__xps\.dswkshop\clock_generator_0.svg"/>

  <RENDERIMG RASNAME="D:\VHDL\CmodS6\Processor\cpu\SDK\SDK_Export\hw\imgs\axi4lite_0.jpg" SVGNAME="D:\VHDL\CmodS6\Processor\cpu\SDK\SDK_Export\hw\imgs\axi4lite_0.svg" TMPSVGFN="D:\VHDL\CmodS6\Processor\cpu\__xps\.dswkshop\axi4lite_0.svg"/>

  <RENDERIMG RASNAME="D:\VHDL\CmodS6\Processor\cpu\SDK\SDK_Export\hw\imgs\LEDS.jpg" SVGNAME="D:\VHDL\CmodS6\Processor\cpu\SDK\SDK_Export\hw\imgs\LEDS.svg" TMPSVGFN="D:\VHDL\CmodS6\Processor\cpu\__xps\.dswkshop\LEDS.svg"/>

  <RENDERIMG RASNAME="D:\VHDL\CmodS6\Processor\cpu\SDK\SDK_Export\hw\imgs\cpu_blkd.jpg" SVGNAME="D:\VHDL\CmodS6\Processor\cpu\SDK\SDK_Export\hw\imgs\cpu_blkd.svg" TMPSVGFN="D:\VHDL\CmodS6\Processor\cpu\__xps\.dswkshop\cpu_blkd.svg"/>

</RENDERBATCH>